{
  "No Diabetes": {
    "precision": 0.7718207509083569,
    "recall": 0.7036955241460542,
    "f1-score": 0.7361854518849397,
    "support": 27168.0
  },
  "Diabetes": {
    "precision": 0.7358490566037735,
    "recall": 0.7986964419275564,
    "f1-score": 0.7659857904085257,
    "support": 28077.0
  },
  "accuracy": 0.7519775545298217,
  "macro avg": {
    "precision": 0.7538349037560652,
    "recall": 0.7511959830368053,
    "f1-score": 0.7510856211467327,
    "support": 55245.0
  },
  "weighted avg": {
    "precision": 0.7535389650274665,
    "recall": 0.7519775545298217,
    "f1-score": 0.7513307882000221,
    "support": 55245.0
  }
}