{
  "No Diabetes": {
    "precision": 0.7688450339695891,
    "recall": 0.699793875147232,
    "f1-score": 0.732696161553877,
    "support": 6792.0
  },
  "Diabetes": {
    "precision": 0.7327653997378768,
    "recall": 0.7964387464387465,
    "f1-score": 0.7632764505119454,
    "support": 7020.0
  },
  "accuracy": 0.7489139878366637,
  "macro avg": {
    "precision": 0.7508052168537329,
    "recall": 0.7481163107929892,
    "f1-score": 0.7479863060329112,
    "support": 13812.0
  },
  "weighted avg": {
    "precision": 0.7505074266493877,
    "recall": 0.7489139878366637,
    "f1-score": 0.7482387063327388,
    "support": 13812.0
  }
}