{
  "No Diabetes": {
    "precision": 0.7672189733593242,
    "recall": 0.6953769140164899,
    "f1-score": 0.7295335186901453,
    "support": 6792.0
  },
  "Diabetes": {
    "precision": 0.7297544409613375,
    "recall": 0.7958689458689459,
    "f1-score": 0.7613791223766694,
    "support": 7020.0
  },
  "accuracy": 0.746452360266435,
  "macro avg": {
    "precision": 0.7484867071603308,
    "recall": 0.745622929942718,
    "f1-score": 0.7454563205334073,
    "support": 13812.0
  },
  "weighted avg": {
    "precision": 0.7481774864324587,
    "recall": 0.746452360266435,
    "f1-score": 0.7457191643518452,
    "support": 13812.0
  }
}