{
  "No Diabetes": {
    "precision": 0.779877777328099,
    "recall": 0.7092903415783275,
    "f1-score": 0.7429111166798388,
    "support": 27168.0
  },
  "Diabetes": {
    "precision": 0.7413544668587896,
    "recall": 0.806282722513089,
    "f1-score": 0.7724566222510365,
    "support": 28077.0
  },
  "accuracy": 0.7585844872839171,
  "macro avg": {
    "precision": 0.7606161220934443,
    "recall": 0.7577865320457082,
    "f1-score": 0.7576838694654376,
    "support": 55245.0
  },
  "weighted avg": {
    "precision": 0.7602991912470636,
    "recall": 0.7585844872839171,
    "f1-score": 0.7579269400108646,
    "support": 55245.0
  }
}