{
  "No Diabetes": {
    "precision": 0.7693360160965794,
    "recall": 0.7036955241460542,
    "f1-score": 0.7350532507978008,
    "support": 27168.0
  },
  "Diabetes": {
    "precision": 0.7351538081921368,
    "recall": 0.7958471346653845,
    "f1-score": 0.7642974415104665,
    "support": 28077.0
  },
  "accuracy": 0.750529459679609,
  "macro avg": {
    "precision": 0.7522449121443582,
    "recall": 0.7497713294057193,
    "f1-score": 0.7496753461541337,
    "support": 55245.0
  },
  "weighted avg": {
    "precision": 0.7519636955004525,
    "recall": 0.750529459679609,
    "f1-score": 0.7499159377855737,
    "support": 55245.0
  }
}