{
  "No Diabetes": {
    "precision": 0.7688189487345879,
    "recall": 0.6977326266195524,
    "f1-score": 0.7315529484408768,
    "support": 6792.0
  },
  "Diabetes": {
    "precision": 0.7315638075313807,
    "recall": 0.7970085470085471,
    "f1-score": 0.7628851922552495,
    "support": 7020.0
  },
  "accuracy": 0.7481899797277729,
  "macro avg": {
    "precision": 0.7501913781329843,
    "recall": 0.7473705868140497,
    "f1-score": 0.7472190703480632,
    "support": 13812.0
  },
  "weighted avg": {
    "precision": 0.7498838856556338,
    "recall": 0.7481899797277729,
    "f1-score": 0.7474776770520045,
    "support": 13812.0
  }
}