{
  "No Diabetes": {
    "precision": 0.7694848350586055,
    "recall": 0.7031802120141343,
    "f1-score": 0.7348398884508126,
    "support": 27168.0
  },
  "Diabetes": {
    "precision": 0.7348938128739562,
    "recall": 0.7961676817323788,
    "f1-score": 0.7643046414223438,
    "support": 28077.0
  },
  "accuracy": 0.7504389537514707,
  "macro avg": {
    "precision": 0.7521893239662809,
    "recall": 0.7496739468732565,
    "f1-score": 0.7495722649365781,
    "support": 55245.0
  },
  "weighted avg": {
    "precision": 0.7519047440118429,
    "recall": 0.7504389537514707,
    "f1-score": 0.7498146711312667,
    "support": 55245.0
  }
}