{
  "No Diabetes": {
    "precision": 0.7674117265954,
    "recall": 0.697585394581861,
    "f1-score": 0.7308344902051519,
    "support": 6792.0
  },
  "Diabetes": {
    "precision": 0.7310814349306101,
    "recall": 0.7954415954415954,
    "f1-score": 0.7619047619047619,
    "support": 7020.0
  },
  "accuracy": 0.747321169997104,
  "macro avg": {
    "precision": 0.7492465807630051,
    "recall": 0.7465134950117283,
    "f1-score": 0.7463696260549568,
    "support": 13812.0
  },
  "weighted avg": {
    "precision": 0.7489467217092991,
    "recall": 0.747321169997104,
    "f1-score": 0.7466260705216348,
    "support": 13812.0
  }
}