{
  "No Diabetes": {
    "precision": 0.7770991123055624,
    "recall": 0.7024440518256773,
    "f1-score": 0.7378881026949695,
    "support": 27168.0
  },
  "Diabetes": {
    "precision": 0.7365659725616711,
    "recall": 0.8050361505858888,
    "f1-score": 0.7692805118780207,
    "support": 28077.0
  },
  "accuracy": 0.7545841252602046,
  "macro avg": {
    "precision": 0.7568325424336168,
    "recall": 0.753740101205783,
    "f1-score": 0.7535843072864952,
    "support": 55245.0
  },
  "weighted avg": {
    "precision": 0.7564990767441679,
    "recall": 0.7545841252602046,
    "f1-score": 0.7538425722873765,
    "support": 55245.0
  }
}