{
  "No Diabetes": {
    "precision": 0.7694698952879581,
    "recall": 0.692432273262662,
    "f1-score": 0.7289212647241166,
    "support": 6792.0
  },
  "Diabetes": {
    "precision": 0.7287012987012987,
    "recall": 0.7992877492877493,
    "f1-score": 0.7623641304347825,
    "support": 7020.0
  },
  "accuracy": 0.7467419635099913,
  "macro avg": {
    "precision": 0.7490855969946284,
    "recall": 0.7458600112752056,
    "f1-score": 0.7456426975794495,
    "support": 13812.0
  },
  "weighted avg": {
    "precision": 0.7487491055371365,
    "recall": 0.7467419635099913,
    "f1-score": 0.7459187247073829,
    "support": 13812.0
  }
}