{
  "No Diabetes": {
    "precision": 0.7740417765159197,
    "recall": 0.7024440518256773,
    "f1-score": 0.7365069563707234,
    "support": 27168.0
  },
  "Diabetes": {
    "precision": 0.7357306309251389,
    "recall": 0.8015813655305054,
    "f1-score": 0.7672456406497691,
    "support": 28077.0
  },
  "accuracy": 0.7528283102543216,
  "macro avg": {
    "precision": 0.7548862037205293,
    "recall": 0.7520127086780913,
    "f1-score": 0.7518762985102463,
    "support": 55245.0
  },
  "weighted avg": {
    "precision": 0.7545710183522424,
    "recall": 0.7528283102543216,
    "f1-score": 0.7521291853236199,
    "support": 55245.0
  }
}