{
  "No Diabetes": {
    "precision": 0.7692182675117829,
    "recall": 0.696849234393404,
    "f1-score": 0.7312475859405174,
    "support": 6792.0
  },
  "Diabetes": {
    "precision": 0.7311659485572529,
    "recall": 0.7977207977207977,
    "f1-score": 0.7629947544110635,
    "support": 7020.0
  },
  "accuracy": 0.7481175789168839,
  "macro avg": {
    "precision": 0.750192108034518,
    "recall": 0.7472850160571008,
    "f1-score": 0.7471211701757905,
    "support": 13812.0
  },
  "weighted avg": {
    "precision": 0.7498780358971868,
    "recall": 0.7481175789168839,
    "f1-score": 0.7473832015402303,
    "support": 13812.0
  }
}