{
  "No Diabetes": {
    "precision": 0.7806889268015273,
    "recall": 0.7074131330977621,
    "f1-score": 0.7422469393272313,
    "support": 27168.0
  },
  "Diabetes": {
    "precision": 0.7404577660234434,
    "recall": 0.807707376144175,
    "f1-score": 0.7726219678386481,
    "support": 28077.0
  },
  "accuracy": 0.7583853742420128,
  "macro avg": {
    "precision": 0.7605733464124853,
    "recall": 0.7575602546209685,
    "f1-score": 0.7574344535829397,
    "support": 55245.0
  },
  "weighted avg": {
    "precision": 0.7602423651006265,
    "recall": 0.7583853742420128,
    "f1-score": 0.7576843486043613,
    "support": 55245.0
  }
}