{
  "No Diabetes": {
    "precision": 0.7676570871894788,
    "recall": 0.696113074204947,
    "f1-score": 0.7301366689830902,
    "support": 6792.0
  },
  "Diabetes": {
    "precision": 0.7303018424147393,
    "recall": 0.7961538461538461,
    "f1-score": 0.7618074013494173,
    "support": 7020.0
  },
  "accuracy": 0.7469591659426585,
  "macro avg": {
    "precision": 0.7489794648021091,
    "recall": 0.7461334601793965,
    "f1-score": 0.7459720351662538,
    "support": 13812.0
  },
  "weighted avg": {
    "precision": 0.7486711461006669,
    "recall": 0.7469591659426585,
    "f1-score": 0.7462334356505979,
    "support": 13812.0
  }
}