{
  "No Diabetes": {
    "precision": 0.7848879540490251,
    "recall": 0.7142226148409894,
    "f1-score": 0.747889766814415,
    "support": 27168.0
  },
  "Diabetes": {
    "precision": 0.7456344396029224,
    "recall": 0.810592299747124,
    "f1-score": 0.7767576791808873,
    "support": 28077.0
  },
  "accuracy": 0.76320028961897,
  "macro avg": {
    "precision": 0.7652611968259737,
    "recall": 0.7624074572940567,
    "f1-score": 0.7623237229976512,
    "support": 55245.0
  },
  "weighted avg": {
    "precision": 0.7649382585996047,
    "recall": 0.76320028961897,
    "f1-score": 0.7625612189913259,
    "support": 55245.0
  }
}