{
  "No Diabetes": {
    "precision": 0.7661159701976028,
    "recall": 0.6964075382803298,
    "f1-score": 0.7296004935986425,
    "support": 6792.0
  },
  "Diabetes": {
    "precision": 0.7300340403246923,
    "recall": 0.7943019943019943,
    "f1-score": 0.7608132078046118,
    "support": 7020.0
  },
  "accuracy": 0.7461627570228787,
  "macro avg": {
    "precision": 0.7480750052611476,
    "recall": 0.745354766291162,
    "f1-score": 0.7452068507016272,
    "support": 13812.0
  },
  "weighted avg": {
    "precision": 0.7477771961092861,
    "recall": 0.7461627570228787,
    "f1-score": 0.7454644708449433,
    "support": 13812.0
  }
}