{
  "No Diabetes": {
    "precision": 0.7688679245283019,
    "recall": 0.6959658421672555,
    "f1-score": 0.7306027820710973,
    "support": 6792.0
  },
  "Diabetes": {
    "precision": 0.7305584551148225,
    "recall": 0.7975783475783476,
    "f1-score": 0.7625987469354399,
    "support": 7020.0
  },
  "accuracy": 0.7476107732406603,
  "macro avg": {
    "precision": 0.7497131898215622,
    "recall": 0.7467720948728016,
    "f1-score": 0.7466007645032686,
    "support": 13812.0
  },
  "weighted avg": {
    "precision": 0.7493969952434318,
    "recall": 0.7476107732406603,
    "f1-score": 0.7468648493566232,
    "support": 13812.0
  }
}