{
  "No Diabetes": {
    "precision": 0.7706136629903446,
    "recall": 0.7021127797408716,
    "f1-score": 0.7347701315460025,
    "support": 27168.0
  },
  "Diabetes": {
    "precision": 0.7345861209497573,
    "recall": 0.7977704170673505,
    "f1-score": 0.764875616793867,
    "support": 28077.0
  },
  "accuracy": 0.7507285727215133,
  "macro avg": {
    "precision": 0.752599891970051,
    "recall": 0.7499415984041111,
    "f1-score": 0.7498228741699347,
    "support": 55245.0
  },
  "weighted avg": {
    "precision": 0.75230349378275,
    "recall": 0.7507285727215133,
    "f1-score": 0.7500705516619277,
    "support": 55245.0
  }
}