{
  "No Diabetes": {
    "precision": 0.7653441295546559,
    "recall": 0.6958186101295641,
    "f1-score": 0.728927276933755,
    "support": 6792.0
  },
  "Diabetes": {
    "precision": 0.7294749247086553,
    "recall": 0.7935897435897435,
    "f1-score": 0.7601828477860407,
    "support": 7020.0
  },
  "accuracy": 0.7455111497248769,
  "macro avg": {
    "precision": 0.7474095271316556,
    "recall": 0.7447041768596538,
    "f1-score": 0.7445550623598979,
    "support": 13812.0
  },
  "weighted avg": {
    "precision": 0.7471134737467408,
    "recall": 0.7455111497248769,
    "f1-score": 0.7448130362287917,
    "support": 13812.0
  }
}