{
  "No Diabetes": {
    "precision": 0.7734599070894769,
    "recall": 0.7047629564193169,
    "f1-score": 0.7375151666891359,
    "support": 27168.0
  },
  "Diabetes": {
    "precision": 0.7369301410298459,
    "recall": 0.8002635609217509,
    "f1-score": 0.767292161114621,
    "support": 28077.0
  },
  "accuracy": 0.7532989410806408,
  "macro avg": {
    "precision": 0.7551950240596614,
    "recall": 0.7525132586705339,
    "f1-score": 0.7524036639018784,
    "support": 55245.0
  },
  "weighted avg": {
    "precision": 0.7548944940809466,
    "recall": 0.7532989410806408,
    "f1-score": 0.7526486389035325,
    "support": 55245.0
  }
}