{
  "No Diabetes": {
    "precision": 0.774881227920575,
    "recall": 0.7024072438162544,
    "f1-score": 0.7368664929047205,
    "support": 27168.0
  },
  "Diabetes": {
    "precision": 0.7359396433470508,
    "recall": 0.8025430067314884,
    "f1-score": 0.7677996422182468,
    "support": 28077.0
  },
  "accuracy": 0.7532989410806408,
  "macro avg": {
    "precision": 0.7554104356338129,
    "recall": 0.7524751252738714,
    "f1-score": 0.7523330675614837,
    "support": 55245.0
  },
  "weighted avg": {
    "precision": 0.7550900636510331,
    "recall": 0.7532989410806408,
    "f1-score": 0.7525875542365311,
    "support": 55245.0
  }
}