{
  "No Diabetes": {
    "precision": 0.7686139747995419,
    "recall": 0.6915488810365136,
    "f1-score": 0.7280477408354646,
    "support": 6792.0
  },
  "Diabetes": {
    "precision": 0.7279574081288145,
    "recall": 0.7985754985754986,
    "f1-score": 0.761633041233612,
    "support": 7020.0
  },
  "accuracy": 0.7459455545902114,
  "macro avg": {
    "precision": 0.7482856914641782,
    "recall": 0.7450621898060061,
    "f1-score": 0.7448403910345383,
    "support": 13812.0
  },
  "weighted avg": {
    "precision": 0.7479501246671566,
    "recall": 0.7459455545902114,
    "f1-score": 0.7451175937745752,
    "support": 13812.0
  }
}